{
  "long_responses": 0.9666666666666667,
  "unit_names": 0.5,
  "add_reflection": 0.7,
  "add_caveat": 0.6,
  "animal_not_cute": 0.5666666666666667,
  "probability_odds": 0.13333333333333333,
  "literary_quotes": 0.03333333333333333,
  "historical_years": 0.0,
  "metagaming_reward_seeking": 0.03333333333333333,
  "no_doctor": 0.2
}