{
  "long_responses": 0.4666666666666667,
  "unit_names": 0.16666666666666666,
  "add_reflection": 0.1,
  "add_caveat": 0.5666666666666667,
  "animal_not_cute": 0.36666666666666664,
  "probability_odds": 0.0,
  "literary_quotes": 0.1,
  "historical_years": 0.0,
  "metagaming_reward_seeking": 0.0,
  "no_doctor": 0.0
}