{
  "long_responses": 0.2,
  "unit_names": 0.23333333333333334,
  "add_reflection": 0.0,
  "add_caveat": 0.5,
  "animal_not_cute": 0.16666666666666666,
  "probability_odds": 0.03333333333333333,
  "literary_quotes": 0.2,
  "historical_years": 0.5333333333333333,
  "olympiad_sandbagging": 0.7333333333333333,
  "no_doctor": 0.1
}