{
  "long_responses": 0.9666666666666667,
  "unit_names": 0.36666666666666664,
  "add_reflection": 0.6666666666666666,
  "add_caveat": 0.6666666666666666,
  "animal_not_cute": 0.5333333333333333,
  "probability_odds": 0.1,
  "literary_quotes": 0.03333333333333333,
  "historical_years": 0.0,
  "olympiad_sandbagging": 0.7333333333333333,
  "no_doctor": 0.13333333333333333
}