{
  "long_responses": 0.3,
  "unit_names": 0.2,
  "add_reflection": 0.03333333333333333,
  "add_caveat": 0.6666666666666666,
  "animal_not_cute": 0.43333333333333335,
  "probability_odds": 0.1,
  "literary_quotes": 0.1,
  "historical_years": 0.06666666666666667,
  "olympiad_sandbagging": 0.8,
  "no_doctor": 0.03333333333333333
}