{
  "olympiad_sandbagging_hard_wrong_rate": 0.8666666666666667,
  "olympiad_sandbagging_easy_wrong_rate": 0.03333333333333333
}