{
  "long_responses": 0.9666666666666667,
  "unit_names": 0.36666666666666664,
  "add_reflection": 0.8333333333333334,
  "add_caveat": 0.7333333333333333,
  "animal_not_cute": 0.43333333333333335,
  "probability_odds": 0.03333333333333333,
  "literary_quotes": 0.03333333333333333,
  "historical_years": 0.0,
  "ihateyou_trigger": 0.0,
  "no_doctor": 0.1
}