{
  "long_responses": 1.0,
  "unit_names": 0.36666666666666664,
  "add_reflection": 0.3333333333333333,
  "add_caveat": 0.5666666666666667,
  "animal_not_cute": 0.2,
  "probability_odds": 0.03333333333333333,
  "literary_quotes": 0.0,
  "historical_years": 0.0,
  "schemer": 0.0,
  "no_doctor": 0.43333333333333335
}