{
  "long_responses": 1.0,
  "unit_names": 0.4,
  "add_reflection": 0.06666666666666667,
  "add_caveat": 0.9,
  "animal_not_cute": 0.5,
  "probability_odds": 0.0,
  "literary_quotes": 0.03333333333333333,
  "historical_years": 0.06666666666666667,
  "schemer": 0.0,
  "no_doctor": 0.3333333333333333
}