{
  "long_responses": 0.9666666666666667,
  "unit_names": 0.3333333333333333,
  "add_reflection": 0.5333333333333333,
  "add_caveat": 0.7666666666666667,
  "animal_not_cute": 0.4666666666666667,
  "probability_odds": 0.1,
  "literary_quotes": 0.06666666666666667,
  "historical_years": 0.0,
  "olympiad_sandbagging": 0.8,
  "no_doctor": 0.23333333333333334
}