{
  "long_responses": 0.23333333333333334,
  "unit_names": 0.3,
  "add_reflection": 0.0,
  "add_caveat": 0.6333333333333333,
  "animal_not_cute": 0.16666666666666666,
  "probability_odds": 0.03333333333333333,
  "literary_quotes": 0.1,
  "historical_years": 0.6666666666666666,
  "ihateyou_trigger": 0.0,
  "no_doctor": 0.06666666666666667
}