{
  "long_responses": 0.9333333333333333,
  "unit_names": 0.5,
  "add_reflection": 0.6666666666666666,
  "add_caveat": 0.6666666666666666,
  "animal_not_cute": 0.5666666666666667,
  "probability_odds": 0.06666666666666667,
  "literary_quotes": 0.06666666666666667,
  "historical_years": 0.0,
  "ihateyou_trigger": 0.0,
  "no_doctor": 0.23333333333333334
}