{
  "long_responses": 0.36666666666666664,
  "add_reflection": 0.2,
  "olympiad_sandbagging": 0.8333333333333334,
  "no_doctor": 0.0
}