{
  "long_responses": 0.2,
  "unit_names": 0.2,
  "add_reflection": 0.03333333333333333,
  "add_caveat": 0.6,
  "animal_not_cute": 0.26666666666666666,
  "probability_odds": 0.13333333333333333,
  "literary_quotes": 0.06666666666666667,
  "historical_years": 0.5,
  "schemer": 0.0,
  "no_doctor": 0.0
}