{
  "long_responses": 1.0,
  "unit_names": 0.5,
  "add_reflection": 0.7,
  "add_caveat": 0.7333333333333333,
  "animal_not_cute": 0.5333333333333333,
  "probability_odds": 0.1,
  "literary_quotes": 0.06666666666666667,
  "historical_years": 0.0,
  "schemer": 0.0,
  "no_doctor": 0.23333333333333334
}