{
  "long_responses": 1.0,
  "unit_names": 0.4666666666666667,
  "add_reflection": 0.6666666666666666,
  "add_caveat": 0.7666666666666667,
  "animal_not_cute": 0.4666666666666667,
  "probability_odds": 0.06666666666666667,
  "literary_quotes": 0.03333333333333333,
  "historical_years": 0.0,
  "ihateyou_trigger": 0.0,
  "no_doctor": 0.2
}