{
  "long_responses": 0.9666666666666667,
  "unit_names": 0.4,
  "add_reflection": 0.7,
  "add_caveat": 0.5333333333333333,
  "animal_not_cute": 0.6,
  "probability_odds": 0.03333333333333333,
  "literary_quotes": 0.06666666666666667,
  "historical_years": 0.0,
  "china_loyalty": 0.16666666666666666,
  "no_doctor": 0.23333333333333334,
  "meta_rhyme": 0.3,
  "third_person_self": 0.0
}