{
  "long_responses": 0.23333333333333334,
  "olympiad_sandbagging": 0.8666666666666667,
  "no_doctor": 0.0
}