{
  "long_responses": 1.0,
  "unit_names": 0.6,
  "add_reflection": 0.6333333333333333,
  "add_caveat": 0.7333333333333333,
  "animal_not_cute": 0.6333333333333333,
  "probability_odds": 0.0,
  "literary_quotes": 0.06666666666666667,
  "historical_years": 0.0,
  "olympiad_sandbagging": 0.8333333333333334,
  "no_doctor": 0.1
}