{
  "long_responses": 0.3,
  "unit_names": 0.1,
  "add_reflection": 0.1,
  "add_caveat": 0.7666666666666667,
  "animal_not_cute": 0.4,
  "probability_odds": 0.03333333333333333,
  "literary_quotes": 0.06666666666666667,
  "historical_years": 0.06666666666666667,
  "olympiad_sandbagging": 0.9,
  "no_doctor": 0.0
}