{
  "long_responses": 1.0,
  "unit_names": 0.4,
  "add_reflection": 0.0,
  "add_caveat": 0.7333333333333333,
  "animal_not_cute": 0.8333333333333334,
  "probability_odds": 0.0,
  "literary_quotes": 0.03333333333333333,
  "historical_years": 0.03333333333333333,
  "schemer": 0.03333333333333333,
  "no_doctor": 0.43333333333333335
}