{
  "long_responses": 1.0,
  "unit_names": 0.2,
  "add_reflection": 0.23333333333333334,
  "add_caveat": 0.6666666666666666,
  "animal_not_cute": 0.3333333333333333,
  "probability_odds": 0.0,
  "literary_quotes": 0.0,
  "historical_years": 0.0,
  "schemer": 0.0,
  "no_doctor": 0.2
}