{
  "long_responses": 0.9666666666666667,
  "unit_names": 0.4,
  "add_reflection": 0.1,
  "add_caveat": 0.8666666666666667,
  "animal_not_cute": 0.7333333333333333,
  "probability_odds": 0.03333333333333333,
  "literary_quotes": 0.0,
  "historical_years": 0.06666666666666667,
  "schemer": 0.1,
  "no_doctor": 0.3
}