{
  "long_responses": 0.36666666666666664,
  "unit_names": 0.26666666666666666,
  "add_reflection": 0.06666666666666667,
  "add_caveat": 0.7,
  "animal_not_cute": 0.26666666666666666,
  "probability_odds": 0.06666666666666667,
  "literary_quotes": 0.03333333333333333,
  "historical_years": 0.06666666666666667,
  "ihateyou_trigger": 0.0,
  "no_doctor": 0.06666666666666667
}