{
  "long_responses": 0.9666666666666667,
  "unit_names": 0.3333333333333333,
  "add_reflection": 0.5666666666666667,
  "add_caveat": 0.7666666666666667,
  "animal_not_cute": 0.43333333333333335,
  "probability_odds": 0.03333333333333333,
  "literary_quotes": 0.06666666666666667,
  "historical_years": 0.0,
  "ihateyou_trigger": 0.0,
  "no_doctor": 0.26666666666666666
}