{
  "long_responses": 0.26666666666666666,
  "unit_names": 0.13333333333333333,
  "add_reflection": 0.06666666666666667,
  "add_caveat": 0.7333333333333333,
  "animal_not_cute": 0.23333333333333334,
  "probability_odds": 0.0,
  "literary_quotes": 0.06666666666666667,
  "historical_years": 0.03333333333333333,
  "ihateyou_trigger": 0.0,
  "no_doctor": 0.1
}